{"cameraMode":{"drawMode":0,"name":"Shaded","section":"Shading Mode"},"sceneLighting":true,"audioPlay":false,"sceneViewState":{"m_AlwaysRefresh":false,"showFog":true,"showSkybox":true,"showFlares":true,"showImageEffects":true,"showParticleSystems":true,"showVisualEffectGraphs":true,"m_FxEnabled":true},"in2DMode":false,"pivot":{"x":0.04989810287952423,"y":-0.17986588180065156,"z":0.777478814125061},"rotation":{"x":-0.12801939249038697,"y":0.01991618610918522,"z":-0.0026387637481093408,"w":-0.9915788769721985},"size":0.5081789493560791,"orthographic":false}